{"stat.pickup.minecraft.bone":1,"stat.leaveGame":7,"stat.mineBlock.minecraft.cobblestone":1,"stat.pickup.minecraft.flint":1,"stat.mineBlock.mowziesmobs.painted_acacia":3,"stat.useItem.minecraft.mutton":1,"stat.swimOneCm":19630,"stat.useItem.minecraft.planks":34,"stat.climbOneCm":2138,"stat.useItem.minecraft.dirt":24,"stat.useItem.minecraft.stone_slab2":15,"stat.useItem.minecraft.water_bucket":7,"stat.pickup.minecraft.rotten_flesh":4,"stat.pickup.minecraft.sand":8,"stat.craftItem.minecraft.furnace":1,"stat.craftItem.minecraft.stone_pickaxe":1,"stat.pickup.minecraft.cobblestone":18,"stat.flyOneCm":324933,"stat.useItem.minecraft.ender_pearl":1,"stat.mineBlock.minecraft.sand":7,"stat.pickup.minecraft.redstone":1,"stat.mineBlock.minecraft.iron_ore":2,"stat.timeSinceDeath":31367,"stat.craftItem.minecraft.wooden_pickaxe":1,"stat.pickup.minecraft.mutton":2,"stat.useItem.minecraft.potato":3,"stat.pickup.minecraft.stonebrick":8,"stat.furnaceInteraction":1,"stat.useItem.minecraft.cooked_porkchop":17,"stat.mineBlock.minecraft.coal_ore":15,"stat.pickup.minecraft.string":1,"stat.pickup.tombstone.crafting_ingredient":2,"stat.useItem.minecraft.milk_bucket":2,"stat.entityKilledBy.Skeleton":1,"stat.sprintOneCm":171833,"stat.pickup.minecraft.skull":1,"stat.craftItem.minecraft.stick":12,"stat.craftItem.minecraft.wooden_axe":1,"stat.useItem.minecraft.flint_and_steel":5,"stat.mineBlock.minecraft.fence":1,"stat.pickup.mowziesmobs.barakoa_mask_rage":2,"stat.mineBlock.minecraft.crafting_table":1,"stat.deaths":7,"stat.playOneMinute":130169,"stat.killEntity.Sheep":2,"stat.killEntity.Zombie":1,"stat.mineBlock.minecraft.tallgrass":73,"stat.diveOneCm":15915,"stat.chestOpened":1,"stat.pickup.minecraft.gravel":1,"stat.pickup.minecraft.arrow":1,"stat.jump":1591,"stat.useItem.minecraft.sand":6,"stat.pickup.minecraft.coal":10,"stat.fallOneCm":54365,"stat.crouchOneCm":3718,"stat.pickup.minecraft.dirt":31,"stat.craftingTableInteraction":9,"stat.pickup.minecraft.iron_ore":2,"stat.craftItem.minecraft.flint_and_steel":1,"stat.pickup.minecraft.repeater":1,"stat.pickup.mowziesmobs.painted_acacia":3,"stat.mineBlock.minecraft.glass_pane":2,"stat.mineBlock.minecraft.leaves2":6,"stat.mineBlock.minecraft.log2":2,"stat.damageTaken":3588,"stat.useItem.minecraft.wooden_pickaxe":9,"stat.pickup.minecraft.log2":2,"stat.pickup.minecraft.planks":1,"tombstone:undead_killed":2,"stat.pickup.minecraft.wheat_seeds":16,"stat.pickup.minecraft.potato":3,"stat.entityKilledBy.Zombie":3,"stat.mineBlock.minecraft.gravel":2,"stat.useItem.minecraft.stone_pickaxe":39,"stat.damageDealt":3241,"stat.mineBlock.minecraft.dirt":22,"stat.walkOneCm":216809,"stat.useItem.minecraft.bread":2,"stat.playerKills":1,"stat.pickup.minecraft.crafting_table":1,"stat.useItem.minecraft.cobblestone":4,"stat.craftItem.minecraft.crafting_table":3,"stat.mineBlock.minecraft.double_plant":3,"stat.pickup.minecraft.log":1,"stat.pickup.mowziesmobs.barako_mask":1,"stat.mineBlock.minecraft.wool":3,"stat.pickup.minecraft.sapling":1,"stat.pickup.minecraft.ender_pearl":1,"stat.killEntity.Skeleton":1,"stat.pickup.minecraft.beetroot":9,"stat.mineBlock.minecraft.stonebrick":4,"stat.craftItem.minecraft.planks":124,"stat.killEntity.Spider":1,"stat.mobKills":13,"stat.useItem.minecraft.stonebrick":5,"stat.mineBlock.minecraft.log":1,"stat.pickup.iceandfire.gorgon_head":1,"stat.mineBlock.minecraft.leaves":6,"stat.pickup.minecraft.beetroot_seeds":15,"stat.sneakTime":2678,"stat.pickup.minecraft.wool":4,"stat.useItem.minecraft.wooden_axe":37,"stat.mineBlock.minecraft.stone":17,"stat.useItem.minecraft.beetroot":9}