{"stat.chestOpened":1,"stat.pickup.minecraft.bone":1,"stat.leaveGame":7,"stat.pickup.minecraft.arrow":1,"stat.useItem.minecraft.mutton":1,"stat.jump":1262,"stat.useItem.minecraft.sand":6,"stat.swimOneCm":888,"stat.fallOneCm":46613,"stat.useItem.minecraft.planks":24,"stat.climbOneCm":2138,"stat.crouchOneCm":2683,"stat.pickup.minecraft.dirt":28,"stat.useItem.minecraft.dirt":24,"stat.useItem.minecraft.stone_slab2":10,"stat.useItem.minecraft.water_bucket":4,"stat.craftingTableInteraction":5,"stat.pickup.minecraft.iron_ore":2,"stat.pickup.minecraft.rotten_flesh":2,"stat.pickup.minecraft.sand":8,"stat.pickup.minecraft.repeater":1,"stat.mineBlock.minecraft.glass_pane":2,"stat.mineBlock.minecraft.leaves2":6,"stat.mineBlock.minecraft.log2":2,"stat.damageTaken":2915,"stat.craftItem.minecraft.stone_pickaxe":1,"stat.useItem.minecraft.wooden_pickaxe":3,"stat.pickup.minecraft.cobblestone":3,"stat.pickup.minecraft.log2":2,"stat.flyOneCm":284001,"tombstone:undead_killed":2,"stat.pickup.minecraft.wheat_seeds":2,"stat.mineBlock.minecraft.sand":7,"stat.pickup.minecraft.potato":3,"stat.entityKilledBy.Zombie":3,"stat.useItem.minecraft.stone_pickaxe":6,"stat.damageDealt":2137,"stat.pickup.minecraft.redstone":1,"stat.mineBlock.minecraft.iron_ore":2,"stat.timeSinceDeath":9015,"stat.mineBlock.minecraft.dirt":20,"stat.craftItem.minecraft.wooden_pickaxe":1,"stat.pickup.minecraft.mutton":2,"stat.walkOneCm":133737,"stat.useItem.minecraft.bread":2,"stat.playerKills":1,"stat.useItem.minecraft.potato":3,"stat.pickup.minecraft.crafting_table":1,"stat.pickup.minecraft.stonebrick":8,"stat.craftItem.minecraft.crafting_table":2,"stat.mineBlock.minecraft.double_plant":3,"stat.useItem.minecraft.cooked_porkchop":9,"stat.pickup.minecraft.log":1,"stat.pickup.minecraft.string":1,"stat.pickup.tombstone.crafting_ingredient":2,"stat.useItem.minecraft.milk_bucket":2,"stat.entityKilledBy.Skeleton":1,"stat.mineBlock.minecraft.wool":3,"stat.pickup.minecraft.sapling":1,"stat.pickup.minecraft.ender_pearl":1,"stat.sprintOneCm":119975,"stat.craftItem.minecraft.stick":12,"stat.craftItem.minecraft.wooden_axe":1,"stat.killEntity.Skeleton":1,"stat.pickup.minecraft.beetroot":9,"stat.mineBlock.minecraft.stonebrick":4,"stat.craftItem.minecraft.planks":124,"stat.killEntity.Spider":1,"stat.mineBlock.minecraft.crafting_table":1,"stat.mobKills":7,"stat.useItem.minecraft.stonebrick":5,"stat.mineBlock.minecraft.log":1,"stat.pickup.iceandfire.gorgon_head":1,"stat.deaths":7,"stat.mineBlock.minecraft.leaves":6,"stat.pickup.minecraft.beetroot_seeds":15,"stat.playOneMinute":107817,"stat.killEntity.Sheep":2,"stat.sneakTime":2205,"stat.pickup.minecraft.wool":4,"stat.killEntity.Zombie":1,"stat.useItem.minecraft.wooden_axe":19,"stat.mineBlock.minecraft.stone":3,"stat.mineBlock.minecraft.tallgrass":60,"stat.useItem.minecraft.beetroot":9,"stat.diveOneCm":53}