{"stat.pickup.minecraft.bone":2,"stat.pickup.iceandfire.fire_dragon_flesh":3,"stat.useItem.minecraft.iron_axe":142,"stat.leaveGame":10,"stat.mineBlock.minecraft.cobblestone":4,"stat.pickup.minecraft.flint":1,"stat.craftItem.minecraft.iron_axe":2,"stat.mineBlock.mowziesmobs.painted_acacia":3,"stat.entityKilledBy.tenten":1,"stat.useItem.minecraft.mutton":1,"stat.swimOneCm":82876,"stat.useItem.minecraft.planks":61,"stat.climbOneCm":2138,"stat.useItem.minecraft.dirt":26,"stat.useItem.minecraft.stone_slab2":24,"stat.pickup.minecraft.bow":1,"stat.useItem.minecraft.water_bucket":10,"stat.pickup.minecraft.rotten_flesh":4,"stat.pickup.minecraft.sand":8,"stat.craftItem.minecraft.furnace":2,"stat.craftItem.minecraft.iron_boots":1,"stat.pickup.minecraft.anvil":1,"stat.craftItem.minecraft.stone_pickaxe":1,"stat.pickup.minecraft.cobblestone":86,"stat.entityKilledBy.cyclops":2,"stat.flyOneCm":517011,"stat.useItem.minecraft.ender_pearl":1,"stat.mineBlock.minecraft.sand":7,"stat.pickup.narutomod.kunai":7,"tombstone:villager_killed":1,"stat.useItem.minecraft.cooked_beef":8,"stat.killEntity.Villager":1,"stat.pickup.minecraft.redstone":1,"stat.mineBlock.minecraft.iron_ore":2,"stat.timeSinceDeath":6690,"stat.useItem.minecraft.iron_pickaxe":54,"stat.craftItem.minecraft.wooden_pickaxe":1,"stat.pickup.minecraft.mutton":2,"stat.useItem.minecraft.potato":3,"stat.killEntity.tenten":1,"stat.pickup.minecraft.record_far":1,"stat.pickup.minecraft.stonebrick":8,"stat.furnaceInteraction":19,"stat.useItem.minecraft.cooked_porkchop":38,"stat.killEntity.ZombieVillager":1,"stat.pickup.iceandfire.dragon_skull":1,"stat.mineBlock.minecraft.coal_ore":32,"stat.talkedToVillager":1,"stat.pickup.minecraft.string":7,"stat.craftItem.iceandfire.armor_red_chestplate":1,"stat.pickup.minecraft.beef":45,"stat.pickup.minecraft.furnace":3,"stat.pickup.tombstone.crafting_ingredient":7,"stat.useItem.minecraft.milk_bucket":2,"stat.entityKilledBy.Skeleton":1,"stat.craftItem.minecraft.stone_slab2":0,"stat.sprintOneCm":432001,"stat.pickup.minecraft.skull":1,"stat.craftItem.minecraft.stick":16,"stat.craftItem.minecraft.wooden_axe":1,"stat.killEntity.Horse":6,"stat.useItem.minecraft.flint_and_steel":5,"stat.mineBlock.minecraft.fence":1,"stat.pickup.mowziesmobs.barakoa_mask_rage":4,"stat.mineBlock.minecraft.crafting_table":3,"stat.useItem.minecraft.beef":3,"stat.deaths":11,"stat.mineBlock.minecraft.planks":5,"stat.killEntity.cyclops":1,"stat.playOneMinute":191858,"stat.killEntity.Sheep":7,"stat.craftItem.minecraft.iron_pickaxe":1,"stat.killEntity.Zombie":2,"stat.mineBlock.minecraft.tallgrass":90,"stat.diveOneCm":60174,"stat.chestOpened":18,"stat.recordPlayed":2,"stat.pickup.minecraft.gravel":1,"stat.pickup.minecraft.arrow":3,"stat.craftItem.iceandfire.armor_red_helmet":1,"stat.mineBlock.minecraft.anvil":1,"stat.craftItem.iceandfire.armor_red_leggings":1,"stat.pickup.minecraft.gold_nugget":151,"stat.jump":2520,"stat.useItem.minecraft.sand":6,"stat.pickup.minecraft.coal":32,"stat.pickup.minecraft.iron_helmet":1,"stat.fallOneCm":87366,"stat.killEntity.whitezetsu":2,"stat.crouchOneCm":11973,"stat.pickup.minecraft.spider_eye":1,"stat.craftItem.minecraft.iron_ingot":34,"stat.pickup.minecraft.dirt":38,"stat.craftItem.minecraft.iron_helmet":1,"stat.craftingTableInteraction":20,"stat.pickup.minecraft.iron_ore":2,"stat.pickup.iceandfire.fire_dragon_heart":1,"stat.craftItem.minecraft.flint_and_steel":1,"stat.pickup.minecraft.repeater":1,"stat.pickup.mowziesmobs.painted_acacia":3,"stat.mineBlock.minecraft.glass_pane":2,"stat.mineBlock.minecraft.leaves2":6,"stat.mineBlock.minecraft.log2":2,"stat.brewingstandInteraction":1,"stat.damageTaken":10666,"stat.pickup.minecraft.leather":22,"stat.mineBlock.minecraft.furnace":3,"stat.useItem.minecraft.wooden_pickaxe":9,"stat.pickup.iceandfire.dragonscales_red":24,"stat.pickup.minecraft.log2":2,"stat.pickup.minecraft.planks":4,"stat.pickup.minecraft.iron_leggings":1,"tombstone:undead_killed":7,"stat.pickup.minecraft.wheat_seeds":27,"stat.pickup.minecraft.potato":3,"stat.entityKilledBy.Zombie":3,"stat.mineBlock.minecraft.gravel":2,"stat.useItem.minecraft.stone_pickaxe":75,"stat.pickup.iceandfire.cyclops_eye":1,"stat.craftItem.minecraft.iron_leggings":1,"stat.damageDealt":14206,"stat.killEntity.Cow":20,"stat.mineBlock.minecraft.dirt":31,"stat.killEntity.herobrine.alex_survivor":1,"stat.walkOneCm":390773,"stat.useItem.minecraft.bread":2,"stat.playerKills":1,"stat.pickup.minecraft.crafting_table":3,"stat.useItem.minecraft.cobblestone":34,"stat.craftItem.minecraft.crafting_table":3,"stat.mineBlock.minecraft.double_plant":4,"stat.pickup.minecraft.log":8,"stat.pickup.mowziesmobs.barako_mask":1,"stat.craftItem.minecraft.gold_ingot":16,"stat.pickup.minecraft.stone":4,"stat.craftItem.minecraft.iron_chestplate":1,"stat.mineBlock.minecraft.wool":3,"stat.pickup.minecraft.sapling":3,"stat.pickup.minecraft.ender_pearl":1,"stat.killEntity.Skeleton":4,"stat.pickup.minecraft.beetroot":9,"stat.mineBlock.iceandfire.goldpile":29,"stat.mineBlock.minecraft.stonebrick":4,"stat.craftItem.minecraft.planks":124,"stat.killEntity.Spider":4,"stat.craftItem.iceandfire.armor_red_boots":1,"stat.mobKills":60,"stat.useItem.minecraft.stonebrick":5,"stat.pickup.minecraft.book":21,"stat.mineBlock.minecraft.log":1,"stat.mineBlock.minecraft.bookshelf":7,"stat.pickup.iceandfire.dragonbone":9,"stat.pickup.iceandfire.gorgon_head":1,"stat.mineBlock.minecraft.leaves":7,"stat.pickup.minecraft.beetroot_seeds":15,"stat.pickup.minecraft.red_flower":3,"stat.sneakTime":5544,"stat.pickup.minecraft.wool":4,"stat.killEntity.firedragon":1,"stat.useItem.minecraft.wooden_axe":39,"stat.mineBlock.minecraft.stone":75,"stat.useItem.minecraft.beetroot":9}