{"stat.chestOpened":1,"stat.leaveGame":7,"stat.useItem.minecraft.mutton":1,"stat.jump":1014,"stat.useItem.minecraft.sand":5,"stat.swimOneCm":796,"stat.fallOneCm":31631,"stat.useItem.minecraft.planks":3,"stat.crouchOneCm":2065,"stat.pickup.minecraft.dirt":27,"stat.useItem.minecraft.dirt":24,"stat.useItem.minecraft.stone_slab2":8,"stat.craftingTableInteraction":3,"stat.pickup.minecraft.rotten_flesh":2,"stat.pickup.minecraft.sand":7,"stat.mineBlock.minecraft.glass_pane":2,"stat.mineBlock.minecraft.leaves2":6,"stat.mineBlock.minecraft.log2":2,"stat.damageTaken":1958,"stat.pickup.minecraft.log2":2,"stat.flyOneCm":223662,"tombstone:undead_killed":1,"stat.pickup.minecraft.wheat_seeds":2,"stat.mineBlock.minecraft.sand":7,"stat.pickup.minecraft.potato":3,"stat.entityKilledBy.Zombie":3,"stat.damageDealt":919,"stat.timeSinceDeath":5734,"stat.mineBlock.minecraft.dirt":18,"stat.craftItem.minecraft.wooden_pickaxe":1,"stat.pickup.minecraft.mutton":2,"stat.walkOneCm":110778,"stat.useItem.minecraft.bread":2,"stat.playerKills":1,"stat.useItem.minecraft.potato":3,"stat.pickup.minecraft.crafting_table":1,"stat.craftItem.minecraft.crafting_table":1,"stat.mineBlock.minecraft.double_plant":3,"stat.useItem.minecraft.cooked_porkchop":5,"stat.pickup.minecraft.log":1,"stat.useItem.minecraft.milk_bucket":2,"stat.mineBlock.minecraft.wool":3,"stat.pickup.minecraft.sapling":1,"stat.pickup.minecraft.ender_pearl":1,"stat.sprintOneCm":83422,"stat.craftItem.minecraft.stick":8,"stat.craftItem.minecraft.wooden_axe":1,"stat.pickup.minecraft.beetroot":9,"stat.craftItem.minecraft.planks":64,"stat.killEntity.Spider":1,"stat.mineBlock.minecraft.crafting_table":1,"stat.mobKills":5,"stat.mineBlock.minecraft.log":1,"stat.deaths":4,"stat.mineBlock.minecraft.leaves":6,"stat.pickup.minecraft.beetroot_seeds":15,"stat.playOneMinute":95217,"stat.killEntity.Sheep":2,"stat.sneakTime":1884,"stat.pickup.minecraft.wool":4,"stat.killEntity.Zombie":1,"stat.useItem.minecraft.wooden_axe":7,"stat.mineBlock.minecraft.tallgrass":59,"stat.useItem.minecraft.beetroot":9,"stat.diveOneCm":53}