{"stat.pickup.iceandfire.fire_dragon_flesh":5,"stat.leaveGame":10,"stat.craftItem.minecraft.iron_axe":2,"stat.entityKilledBy.tenten":1,"stat.useItem.minecraft.mutton":1,"stat.useItem.minecraft.planks":67,"stat.mineBlock.minecraft.web":6,"stat.useItem.minecraft.water_bucket":30,"stat.pickup.minecraft.rotten_flesh":4,"stat.pickup.minecraft.sand":8,"stat.entityKilledBy.cyclops":2,"stat.useItem.minecraft.ender_pearl":1,"stat.mineBlock.minecraft.sand":7,"tombstone:villager_killed":1,"stat.craftItem.backpack.stick":20,"stat.killEntity.Villager":1,"stat.useItem.minecraft.iron_pickaxe":94,"stat.useItem.minecraft.spawn_egg":2,"stat.craftItem.minecraft.wooden_pickaxe":1,"stat.killEntity.tenten":1,"stat.pickup.minecraft.record_far":1,"stat.furnaceInteraction":34,"stat.killEntity.ZombieVillager":1,"stat.pickup.iceandfire.dragon_skull":1,"stat.pickup.minecraft.beef":45,"stat.pickup.minecraft.furnace":3,"stat.pickup.iceandfire.troll_tusk":4,"stat.killEntity.iruka_sensei":1,"stat.pickup.minecraft.skull":1,"stat.killEntity.Horse":6,"stat.useItem.minecraft.flint_and_steel":5,"stat.mineBlock.minecraft.fence":1,"stat.pickup.mowziesmobs.barakoa_mask_rage":4,"stat.pickup.backpack.backpack":1,"stat.useItem.minecraft.beef":3,"stat.deaths":12,"stat.playOneMinute":286533,"stat.craftItem.minecraft.iron_pickaxe":1,"stat.mineBlock.minecraft.tallgrass":108,"stat.chestOpened":37,"stat.recordPlayed":2,"stat.useItem.minecraft.stone":3,"stat.pickup.minecraft.arrow":3,"stat.craftItem.iceandfire.armor_red_helmet":1,"stat.pickup.narutomod.ninjutsu":1,"stat.craftItem.iceandfire.armor_red_leggings":1,"stat.pickup.minecraft.gold_nugget":151,"stat.craftItem.minecraft.iron_nugget":9,"stat.fallOneCm":105837,"stat.killEntity.whitezetsu":4,"stat.crouchOneCm":13817,"stat.craftItem.minecraft.iron_ingot":34,"stat.pickup.minecraft.red_mushroom":8,"stat.craftingTableInteraction":38,"stat.craftItem.iceandfire.armor_gray_leggings":1,"stat.pickup.minecraft.repeater":1,"stat.mineBlock.minecraft.log2":2,"stat.pickup.iceandfire.dragonscales_red":24,"stat.pickup.minecraft.planks":4,"stat.pickup.minecraft.iron_leggings":1,"stat.pickup.minecraft.wheat_seeds":28,"stat.mineBlock.minecraft.gravel":2,"stat.useItem.minecraft.stone_pickaxe":75,"stat.pickup.iceandfire.cyclops_eye":1,"stat.craftItem.minecraft.iron_leggings":1,"stat.craftItem.iceandfire.armor_gray_boots":1,"stat.mineBlock.minecraft.dirt":34,"stat.useItem.minecraft.bread":2,"stat.pickup.minecraft.crafting_table":5,"stat.useItem.minecraft.log":8,"stat.useItem.minecraft.cobblestone":36,"stat.craftItem.minecraft.crafting_table":5,"stat.mineBlock.minecraft.double_plant":5,"stat.craftItem.minecraft.boat":1,"stat.pickup.minecraft.log":35,"stat.craftItem.minecraft.gold_ingot":16,"stat.pickup.minecraft.sapling":3,"stat.pickup.iceandfire.dragonscales_gray":43,"stat.pickup.minecraft.beetroot":9,"stat.mineBlock.iceandfire.goldpile":29,"stat.craftItem.minecraft.planks":144,"stat.useItem.minecraft.iron_sword":10,"stat.useItem.minecraft.stonebrick":5,"stat.pickup.minecraft.book":21,"stat.mineBlock.minecraft.log":3,"stat.pickup.iceandfire.dragonbone":36,"stat.pickup.minecraft.red_flower":3,"stat.sneakTime":7323,"stat.pickup.iceandfire.troll_weapon.column_forest":2,"stat.pickup.minecraft.wool":6,"stat.useItem.minecraft.wooden_axe":39,"stat.useItem.minecraft.beetroot":9,"stat.useItem.minecraft.web":5,"stat.pickup.minecraft.bone":6,"stat.useItem.minecraft.iron_axe":199,"stat.mineBlock.minecraft.cobblestone":4,"stat.pickup.minecraft.flint":1,"stat.mineBlock.mowziesmobs.painted_acacia":3,"stat.swimOneCm":194523,"stat.climbOneCm":2138,"stat.useItem.minecraft.dirt":26,"stat.useItem.minecraft.stone_slab2":31,"stat.pickup.minecraft.bow":1,"stat.craftItem.minecraft.furnace":3,"stat.craftItem.backpack.bound_leather":8,"stat.craftItem.minecraft.iron_boots":1,"stat.pickup.minecraft.anvil":1,"stat.pickup.iceandfire.chain_link":21,"stat.craftItem.minecraft.stone_pickaxe":1,"stat.craftItem.minecraft.cooked_beef":28,"stat.pickup.minecraft.cobblestone":117,"stat.flyOneCm":659321,"stat.pickup.narutomod.kunai":9,"stat.useItem.minecraft.cooked_beef":9,"stat.pickup.minecraft.redstone":1,"stat.mineBlock.minecraft.iron_ore":2,"stat.timeSinceDeath":79773,"stat.craftItem.narutomod.shuriken":3,"stat.pickup.minecraft.mutton":9,"stat.useItem.minecraft.potato":3,"stat.killEntity.seaserpent":1,"stat.pickup.minecraft.stonebrick":8,"stat.useItem.minecraft.cooked_porkchop":59,"stat.mineBlock.minecraft.coal_ore":43,"stat.killEntity.Creeper":1,"stat.talkedToVillager":1,"stat.pickup.iceandfire.sea_serpent_fang":12,"stat.pickup.minecraft.string":22,"stat.craftItem.iceandfire.armor_red_chestplate":1,"stat.pickup.tombstone.crafting_ingredient":7,"stat.useItem.minecraft.milk_bucket":2,"stat.entityKilledBy.Skeleton":1,"stat.craftItem.minecraft.stone_slab2":0,"stat.sprintOneCm":538722,"stat.craftItem.minecraft.stick":16,"stat.craftItem.minecraft.wooden_axe":1,"stat.craftItem.minecraft.stone":12,"stat.mineBlock.minecraft.crafting_table":5,"stat.craftItem.iceandfire.armor_gray_chestplate":1,"stat.craftItem.iceandfire.armor_gray_helmet":1,"stat.mineBlock.minecraft.planks":5,"stat.killEntity.cyclops":2,"stat.killEntity.Sheep":8,"stat.craftItem.backpack.backpack_piece":3,"stat.killEntity.Zombie":9,"stat.craftItem.backpack.backpack":2,"stat.craftItem.backpack.backpack_frame":4,"stat.diveOneCm":271632,"stat.entityKilledBy.haku":1,"stat.pickup.minecraft.gravel":1,"stat.mineBlock.minecraft.anvil":1,"stat.jump":3003,"stat.useItem.minecraft.sand":6,"stat.pickup.minecraft.coal":43,"stat.pickup.minecraft.iron_helmet":1,"stat.pickup.minecraft.spider_eye":1,"stat.pickup.minecraft.dirt":38,"stat.craftItem.minecraft.iron_helmet":1,"stat.useItem.iceandfire.troll_weapon.column_forest":44,"stat.pickup.minecraft.iron_ore":2,"stat.pickup.iceandfire.fire_dragon_heart":1,"stat.boatOneCm":9393,"stat.craftItem.minecraft.flint_and_steel":1,"stat.pickup.minecraft.iron_axe":3,"stat.pickup.mowziesmobs.painted_acacia":3,"stat.mineBlock.minecraft.glass_pane":2,"stat.mineBlock.minecraft.leaves2":6,"stat.brewingstandInteraction":1,"stat.damageTaken":14133,"stat.pickup.minecraft.leather":26,"stat.mineBlock.minecraft.furnace":3,"stat.useItem.minecraft.wooden_pickaxe":9,"stat.pickup.minecraft.log2":2,"tombstone:undead_killed":17,"stat.pickup.minecraft.potato":3,"stat.entityKilledBy.Zombie":3,"stat.damageDealt":24251,"stat.killEntity.Cow":20,"stat.killEntity.herobrine.alex_survivor":1,"stat.walkOneCm":482701,"stat.playerKills":1,"stat.useItem.minecraft.lava_bucket":1,"stat.pickup.mowziesmobs.barako_mask":1,"stat.pickup.minecraft.stone":4,"stat.craftItem.minecraft.iron_chestplate":1,"stat.mineBlock.minecraft.wool":3,"stat.pickup.iceandfire.sea_serpent_scales_bronze":22,"stat.killEntity.if_troll":1,"stat.pickup.minecraft.ender_pearl":1,"stat.killEntity.Skeleton":7,"stat.mineBlock.minecraft.stonebrick":4,"stat.killEntity.Spider":11,"stat.craftItem.backpack.tanned_leather":8,"stat.craftItem.iceandfire.armor_red_boots":1,"stat.mobKills":88,"stat.mineBlock.minecraft.bookshelf":7,"stat.pickup.iceandfire.gorgon_head":1,"stat.useItem.minecraft.boat":1,"stat.mineBlock.minecraft.leaves":13,"stat.pickup.minecraft.beetroot_seeds":15,"stat.pickup.narutomod.futon":1,"stat.killEntity.firedragon":2,"stat.mineBlock.minecraft.stone":104}