{"stat.pickup.iceandfire.fire_dragon_flesh":5,"stat.leaveGame":12,"stat.craftItem.minecraft.iron_axe":2,"stat.entityKilledBy.tenten":1,"stat.useItem.minecraft.mutton":1,"stat.useItem.minecraft.planks":67,"stat.mineBlock.minecraft.web":8,"stat.mineBlock.thebetweenlands.druid_stone_3":2,"stat.pickup.iceandfire.stymphalian_bird_feather":2,"stat.useItem.minecraft.water_bucket":53,"stat.pickup.minecraft.rotten_flesh":10,"stat.pickup.minecraft.sand":8,"stat.entityKilledBy.zabuza_momochi":1,"stat.killEntity.thebetweenlands.dark_druid":9,"stat.pickup.herobrine.herobrine_statue":1,"stat.killEntity.Enderman":1,"stat.entityKilledBy.cyclops":2,"stat.useItem.minecraft.ender_pearl":1,"stat.mineBlock.minecraft.sand":7,"tombstone:villager_killed":1,"stat.killEntity.Witch":1,"stat.craftItem.backpack.stick":20,"stat.killEntity.Villager":1,"stat.useItem.minecraft.iron_pickaxe":115,"stat.useItem.minecraft.spawn_egg":2,"stat.craftItem.minecraft.wooden_pickaxe":1,"stat.killEntity.tenten":1,"stat.mineBlock.minecraft.vine":1,"stat.pickup.minecraft.record_far":1,"stat.furnaceInteraction":35,"stat.killEntity.ZombieVillager":1,"stat.pickup.iceandfire.dragon_skull":1,"stat.pickup.minecraft.beef":50,"stat.pickup.minecraft.furnace":3,"stat.pickup.iceandfire.troll_tusk":4,"stat.killEntity.iruka_sensei":1,"stat.pickup.minecraft.skull":1,"stat.pickup.tombstone.magic_scroll":2,"stat.killEntity.Horse":6,"stat.useItem.minecraft.flint_and_steel":5,"stat.mineBlock.minecraft.fence":1,"stat.pickup.mowziesmobs.barakoa_mask_rage":4,"stat.pickup.backpack.backpack":1,"stat.useItem.minecraft.beef":3,"stat.deaths":13,"stat.pickup.minecraft.egg":7,"stat.playOneMinute":395260,"stat.craftItem.minecraft.iron_pickaxe":1,"stat.mineBlock.minecraft.tallgrass":122,"stat.chestOpened":37,"stat.pickup.minecraft.pumpkin":1,"stat.recordPlayed":2,"stat.useItem.minecraft.stone":3,"stat.pickup.minecraft.arrow":8,"stat.craftItem.iceandfire.armor_red_helmet":1,"stat.pickup.narutomod.ninjutsu":1,"stat.craftItem.iceandfire.armor_red_leggings":1,"stat.pickup.minecraft.gold_nugget":151,"stat.craftItem.minecraft.iron_nugget":9,"stat.fallOneCm":183874,"stat.killEntity.whitezetsu":6,"stat.crouchOneCm":18381,"stat.craftItem.minecraft.iron_ingot":34,"stat.pickup.minecraft.red_mushroom":8,"stat.craftingTableInteraction":42,"stat.craftItem.iceandfire.armor_gray_leggings":1,"stat.pickup.minecraft.repeater":1,"stat.mineBlock.minecraft.log2":2,"stat.pickup.iceandfire.dragonscales_red":24,"stat.pickup.minecraft.planks":6,"stat.pickup.minecraft.iron_leggings":1,"stat.pickup.minecraft.wheat_seeds":34,"stat.mineBlock.minecraft.gravel":7,"stat.useItem.minecraft.stone_pickaxe":75,"stat.pickup.iceandfire.cyclops_eye":1,"stat.craftItem.minecraft.iron_leggings":1,"stat.craftItem.iceandfire.armor_gray_boots":1,"stat.mineBlock.minecraft.dirt":44,"stat.useItem.minecraft.bread":2,"stat.pickup.minecraft.iron_nugget":8,"stat.pickup.minecraft.crafting_table":6,"stat.useItem.minecraft.log":8,"stat.useItem.minecraft.cobblestone":38,"stat.craftItem.minecraft.crafting_table":5,"stat.mineBlock.minecraft.double_plant":6,"stat.craftItem.minecraft.boat":1,"stat.pickup.minecraft.log":40,"stat.craftItem.minecraft.gold_ingot":16,"stat.pickup.minecraft.sapling":12,"stat.pickup.iceandfire.dragonscales_gray":43,"stat.pickup.minecraft.apple":1,"stat.pickup.minecraft.beetroot":9,"stat.mineBlock.iceandfire.goldpile":29,"stat.craftItem.minecraft.planks":144,"stat.useItem.minecraft.iron_sword":255,"stat.useItem.minecraft.stonebrick":5,"stat.pickup.minecraft.book":21,"stat.mineBlock.minecraft.log":8,"stat.pickup.iceandfire.dragonbone":36,"stat.pickup.iceandfire.pixie_house":1,"stat.pickup.minecraft.red_flower":3,"stat.sneakTime":9978,"stat.pickup.iceandfire.troll_weapon.column_forest":2,"stat.pickup.minecraft.wool":6,"stat.useItem.minecraft.wooden_axe":39,"stat.useItem.minecraft.beetroot":9,"stat.useItem.minecraft.web":5,"stat.pickup.minecraft.bone":9,"stat.useItem.minecraft.iron_axe":219,"stat.mineBlock.minecraft.cobblestone":5,"stat.mineBlock.minecraft.pumpkin":1,"stat.pickup.minecraft.flint":1,"stat.mineBlock.mowziesmobs.painted_acacia":3,"stat.pickup.minecraft.flower_pot":1,"stat.swimOneCm":213228,"stat.climbOneCm":10606,"stat.useItem.minecraft.dirt":32,"stat.useItem.minecraft.stone_slab2":36,"stat.pickup.minecraft.bow":1,"stat.craftItem.minecraft.furnace":3,"stat.craftItem.backpack.bound_leather":8,"stat.craftItem.minecraft.iron_boots":1,"stat.pickup.minecraft.anvil":1,"stat.pickup.iceandfire.chain_link":21,"stat.craftItem.minecraft.stone_pickaxe":1,"stat.craftItem.minecraft.cooked_beef":42,"stat.pickup.minecraft.cobblestone":122,"stat.flyOneCm":1021511,"stat.pickup.minecraft.glass_bottle":1,"stat.pickup.narutomod.kunai":11,"stat.pickup.mowziesmobs.glowing_jelly":2,"stat.useItem.minecraft.cooked_beef":34,"stat.pickup.minecraft.redstone":1,"stat.mineBlock.minecraft.iron_ore":2,"stat.timeSinceDeath":7452,"stat.craftItem.narutomod.shuriken":3,"stat.pickup.minecraft.mutton":9,"stat.useItem.minecraft.potato":3,"stat.killEntity.seaserpent":1,"stat.pickup.minecraft.stonebrick":8,"stat.useItem.minecraft.cooked_porkchop":66,"stat.mineBlock.minecraft.coal_ore":43,"stat.killEntity.Creeper":2,"stat.talkedToVillager":1,"stat.pickup.iceandfire.sea_serpent_fang":12,"stat.pickup.minecraft.string":35,"stat.craftItem.iceandfire.armor_red_chestplate":1,"stat.pickup.tombstone.crafting_ingredient":8,"stat.useItem.minecraft.milk_bucket":2,"stat.entityKilledBy.Skeleton":1,"stat.craftItem.minecraft.stone_slab2":0,"stat.sprintOneCm":816926,"stat.craftItem.minecraft.stick":16,"stat.craftItem.minecraft.wooden_axe":1,"stat.useItem.minecraft.stone_slab":2,"stat.craftItem.minecraft.stone":12,"stat.mineBlock.minecraft.crafting_table":5,"stat.craftItem.iceandfire.armor_gray_chestplate":1,"stat.craftItem.iceandfire.armor_gray_helmet":1,"stat.mineBlock.minecraft.planks":6,"stat.killEntity.cyclops":2,"stat.pickup.thebetweenlands.swamp_talisman":10,"stat.killEntity.Sheep":9,"stat.craftItem.backpack.backpack_piece":3,"stat.killEntity.Zombie":13,"stat.craftItem.backpack.backpack":2,"stat.craftItem.backpack.backpack_frame":4,"stat.diveOneCm":296901,"stat.entityKilledBy.haku":1,"stat.pickup.minecraft.gravel":5,"stat.mineBlock.minecraft.anvil":1,"stat.jump":4166,"stat.useItem.minecraft.sand":6,"stat.pickup.minecraft.coal":43,"stat.pickup.minecraft.iron_helmet":1,"stat.pickup.minecraft.iron_ingot":1,"stat.pickup.minecraft.gunpowder":2,"stat.pickup.minecraft.spider_eye":3,"stat.pickup.minecraft.dirt":58,"stat.craftItem.minecraft.iron_helmet":1,"stat.pickup.thebetweenlands.druid_stone_3":2,"stat.useItem.iceandfire.troll_weapon.column_forest":44,"stat.pickup.minecraft.iron_ore":2,"stat.pickup.iceandfire.fire_dragon_heart":1,"stat.boatOneCm":9393,"stat.craftItem.minecraft.flint_and_steel":1,"stat.pickup.minecraft.iron_axe":3,"stat.pickup.mowziesmobs.painted_acacia":3,"stat.mineBlock.minecraft.glass_pane":2,"stat.mineBlock.minecraft.leaves2":9,"stat.brewingstandInteraction":1,"stat.damageTaken":18590,"stat.pickup.minecraft.leather":110,"stat.mineBlock.iceandfire.pixie_house":1,"stat.mineBlock.minecraft.furnace":3,"stat.useItem.minecraft.wooden_pickaxe":9,"stat.pickup.minecraft.log2":2,"stat.killEntity.CaveSpider":1,"tombstone:undead_killed":25,"stat.pickup.minecraft.potato":3,"stat.entityKilledBy.Zombie":3,"stat.damageDealt":37009,"stat.killEntity.if_pixie":1,"stat.killEntity.Cow":23,"stat.craftItem.minecraft.stone_slab":6,"stat.killEntity.herobrine.alex_survivor":1,"stat.walkOneCm":729127,"stat.playerKills":1,"stat.useItem.minecraft.lava_bucket":2,"stat.pickup.mowziesmobs.barako_mask":1,"stat.pickup.minecraft.stone":7,"stat.craftItem.minecraft.iron_chestplate":1,"stat.mineBlock.minecraft.wool":3,"stat.pickup.iceandfire.sea_serpent_scales_bronze":22,"stat.killEntity.if_troll":1,"stat.pickup.minecraft.ender_pearl":2,"stat.killEntity.Skeleton":11,"stat.mineBlock.minecraft.stonebrick":4,"stat.killEntity.Chicken":3,"stat.killEntity.Spider":18,"stat.killEntity.stymphalianbird":1,"stat.craftItem.backpack.tanned_leather":8,"stat.craftItem.iceandfire.armor_red_boots":1,"stat.mobKills":130,"stat.mineBlock.minecraft.bookshelf":7,"stat.pickup.iceandfire.gorgon_head":1,"stat.useItem.minecraft.boat":1,"stat.mineBlock.minecraft.leaves":88,"stat.pickup.minecraft.beetroot_seeds":15,"stat.pickup.narutomod.futon":1,"stat.pickup.minecraft.torch":1,"stat.killEntity.firedragon":2,"stat.mineBlock.minecraft.stone":117}