{"stat.pickup.minecraft.wooden_slab":1,"stat.useItem.iceandfire.fire_dragon_flesh":1,"stat.pickup.iceandfire.fire_dragon_flesh":17,"stat.leaveGame":15,"stat.craftItem.minecraft.iron_axe":2,"stat.pickup.narutomod.doton":1,"stat.mineBlock.minecraft.sandstone":4,"stat.entityKilledBy.tenten":1,"stat.useItem.minecraft.mutton":1,"stat.useItem.minecraft.planks":67,"stat.mineBlock.minecraft.web":8,"stat.pickup.minecraft.porkchop":2,"stat.mineBlock.thebetweenlands.druid_stone_3":3,"stat.pickup.iceandfire.stymphalian_bird_feather":2,"stat.useItem.minecraft.water_bucket":54,"stat.pickup.minecraft.rotten_flesh":23,"stat.pickup.minecraft.sand":20,"stat.pickup.iceandfire.bestiary":2,"stat.entityKilledBy.zabuza_momochi":1,"stat.killEntity.thebetweenlands.dark_druid":10,"stat.pickup.herobrine.herobrine_statue":3,"stat.killEntity.Enderman":2,"stat.entityKilledBy.cyclops":2,"stat.useItem.minecraft.ender_pearl":1,"stat.mineBlock.minecraft.sand":11,"tombstone:villager_killed":1,"stat.killEntity.Witch":2,"stat.craftItem.backpack.stick":20,"stat.killEntity.Villager":1,"stat.useItem.minecraft.iron_pickaxe":132,"stat.useItem.minecraft.spawn_egg":2,"stat.craftItem.minecraft.wooden_pickaxe":1,"stat.killEntity.tenten":1,"stat.mineBlock.minecraft.vine":1,"stat.pickup.minecraft.record_far":1,"stat.furnaceInteraction":40,"stat.killEntity.ZombieVillager":1,"stat.pickup.iceandfire.dragon_skull":7,"stat.pickup.minecraft.beef":50,"stat.pickup.minecraft.furnace":3,"stat.pickup.iceandfire.troll_tusk":4,"stat.killEntity.iruka_sensei":1,"stat.pickup.minecraft.skull":1,"stat.pickup.tombstone.magic_scroll":2,"stat.killEntity.Horse":7,"stat.pickup.tombstone.gift":1,"stat.useItem.minecraft.flint_and_steel":5,"stat.mineBlock.minecraft.fence":1,"stat.pickup.mowziesmobs.barakoa_mask_rage":4,"stat.killEntity.Husk":3,"stat.pickup.backpack.backpack":1,"stat.pickup.minecraft.saddle":1,"stat.useItem.minecraft.beef":3,"stat.deaths":13,"stat.pickup.minecraft.egg":7,"stat.playOneMinute":487459,"stat.craftItem.minecraft.iron_pickaxe":1,"stat.mineBlock.minecraft.tallgrass":144,"stat.chestOpened":45,"stat.pickup.minecraft.pumpkin":1,"stat.recordPlayed":2,"stat.useItem.minecraft.stone":3,"stat.pickup.minecraft.arrow":13,"stat.craftItem.iceandfire.armor_red_helmet":2,"stat.pickup.minecraft.wooden_pressure_plate":4,"stat.pickup.narutomod.ninjutsu":2,"stat.craftItem.iceandfire.armor_red_leggings":2,"stat.pickup.minecraft.gold_nugget":151,"stat.craftItem.minecraft.iron_nugget":9,"stat.fallOneCm":226728,"stat.killEntity.whitezetsu":7,"stat.crouchOneCm":23124,"stat.craftItem.minecraft.iron_ingot":34,"stat.pickup.minecraft.red_mushroom":8,"stat.craftingTableInteraction":51,"stat.mineBlock.minecraft.wooden_pressure_plate":4,"stat.craftItem.iceandfire.armor_gray_leggings":1,"stat.pickup.minecraft.repeater":1,"stat.mineBlock.minecraft.log2":2,"stat.pickup.iceandfire.dragonscales_red":63,"stat.pickup.minecraft.planks":20,"stat.pickup.minecraft.iron_leggings":1,"stat.pickup.minecraft.wheat_seeds":40,"stat.mineBlock.minecraft.gravel":7,"stat.useItem.minecraft.stone_pickaxe":75,"stat.pickup.iceandfire.cyclops_eye":1,"stat.craftItem.minecraft.iron_leggings":1,"stat.craftItem.iceandfire.armor_gray_boots":1,"stat.mineBlock.minecraft.dirt":54,"stat.useItem.minecraft.bread":2,"stat.pickup.minecraft.iron_nugget":8,"stat.pickup.minecraft.crafting_table":7,"stat.useItem.minecraft.log":8,"stat.useItem.minecraft.cobblestone":40,"stat.craftItem.minecraft.crafting_table":6,"stat.mineBlock.minecraft.double_plant":9,"stat.mineBlock.herobrine.herobrine_statue":1,"stat.craftItem.minecraft.boat":1,"stat.pickup.minecraft.log":40,"stat.craftItem.minecraft.gold_ingot":16,"stat.pickup.minecraft.sapling":12,"stat.pickup.iceandfire.dragonscales_gray":53,"stat.pickup.minecraft.apple":1,"stat.pickup.minecraft.beetroot":9,"stat.mineBlock.iceandfire.goldpile":29,"stat.craftItem.minecraft.planks":148,"stat.useItem.minecraft.iron_sword":256,"stat.pickup.iceandfire.dragonscales_green":9,"stat.useItem.minecraft.stonebrick":5,"stat.pickup.minecraft.book":21,"stat.mineBlock.minecraft.log":8,"stat.pickup.iceandfire.dragonbone":97,"stat.pickup.iceandfire.pixie_house":1,"stat.pickup.minecraft.red_flower":3,"stat.sneakTime":12210,"stat.pickup.iceandfire.troll_weapon.column_forest":2,"stat.pickup.tombstone.dust_of_vanishing":1,"stat.pickup.minecraft.wool":10,"stat.useItem.minecraft.wooden_axe":39,"stat.pickup.minecraft.yellow_flower":1,"stat.useItem.minecraft.beetroot":9,"stat.useItem.minecraft.web":5,"stat.pickup.minecraft.bone":11,"stat.useItem.minecraft.iron_axe":319,"stat.mineBlock.minecraft.cobblestone":5,"stat.mineBlock.minecraft.pumpkin":1,"stat.pickup.minecraft.flint":2,"stat.mineBlock.minecraft.yellow_flower":1,"stat.mineBlock.mowziesmobs.painted_acacia":3,"stat.pickup.narutomod.zabuza_sword":1,"stat.pickup.minecraft.flower_pot":1,"stat.swimOneCm":216818,"stat.climbOneCm":12762,"stat.useItem.minecraft.dirt":42,"stat.useItem.minecraft.stone_slab2":48,"stat.pickup.minecraft.bow":1,"stat.craftItem.minecraft.furnace":3,"stat.craftItem.backpack.bound_leather":8,"stat.useItem.minecraft.egg":7,"stat.craftItem.minecraft.iron_boots":1,"stat.pickup.minecraft.anvil":1,"stat.pickup.iceandfire.chain_link":21,"stat.craftItem.minecraft.stone_pickaxe":1,"stat.craftItem.minecraft.cooked_beef":42,"stat.pickup.minecraft.cobblestone":126,"stat.flyOneCm":1301447,"stat.craftItem.minecraft.glass_bottle":3,"stat.pickup.minecraft.glass_bottle":2,"stat.pickup.minecraft.sandstone":4,"stat.pickup.narutomod.kunai":12,"stat.pickup.mowziesmobs.glowing_jelly":2,"stat.useItem.minecraft.cooked_beef":34,"stat.pickup.minecraft.redstone":1,"stat.mineBlock.minecraft.iron_ore":3,"stat.timeSinceDeath":99651,"stat.craftItem.narutomod.shuriken":3,"stat.pickup.narutomod.iryo_jutsu":1,"stat.pickup.minecraft.mutton":18,"stat.useItem.minecraft.potato":3,"stat.killEntity.seaserpent":1,"stat.pickup.minecraft.stonebrick":8,"stat.useItem.minecraft.cooked_porkchop":97,"stat.mineBlock.minecraft.coal_ore":43,"stat.killEntity.Creeper":9,"stat.talkedToVillager":1,"stat.pickup.iceandfire.sea_serpent_fang":12,"stat.pickup.minecraft.string":37,"stat.craftItem.iceandfire.armor_red_chestplate":2,"stat.pickup.tombstone.crafting_ingredient":9,"stat.useItem.minecraft.milk_bucket":2,"stat.entityKilledBy.Skeleton":1,"stat.craftItem.minecraft.stone_slab2":0,"stat.sprintOneCm":1121001,"stat.craftItem.minecraft.stick":16,"stat.craftItem.minecraft.wooden_axe":1,"stat.useItem.minecraft.stone_slab":2,"stat.craftItem.minecraft.stone":12,"stat.mineBlock.minecraft.crafting_table":6,"tombstone:use_vanishing":1,"stat.craftItem.iceandfire.armor_gray_chestplate":1,"stat.craftItem.iceandfire.armor_gray_helmet":1,"stat.mineBlock.minecraft.planks":14,"stat.killEntity.cyclops":2,"stat.pickup.thebetweenlands.swamp_talisman":10,"stat.killEntity.Sheep":16,"stat.craftItem.backpack.backpack_piece":3,"stat.killEntity.Zombie":23,"stat.craftItem.backpack.backpack":2,"stat.craftItem.backpack.backpack_frame":4,"stat.diveOneCm":313493,"stat.pickup.iceandfire.dragonscales_bronze":27,"stat.entityKilledBy.haku":1,"stat.pickup.minecraft.gravel":13,"stat.mineBlock.minecraft.anvil":1,"stat.jump":4573,"stat.useItem.minecraft.sand":6,"stat.pickup.minecraft.coal":43,"stat.pickup.minecraft.iron_helmet":1,"stat.pickup.minecraft.iron_ingot":1,"stat.pickup.minecraft.gunpowder":8,"stat.pickup.minecraft.spider_eye":6,"stat.pickup.minecraft.dirt":75,"stat.craftItem.minecraft.iron_helmet":1,"stat.pickup.thebetweenlands.druid_stone_3":3,"stat.useItem.iceandfire.troll_weapon.column_forest":44,"stat.pickup.minecraft.iron_ore":3,"stat.pickup.iceandfire.fire_dragon_heart":4,"stat.pickup.iceandfire.shiny_scales":5,"stat.boatOneCm":9393,"stat.craftItem.minecraft.flint_and_steel":1,"stat.pickup.minecraft.iron_axe":3,"stat.pickup.mowziesmobs.painted_acacia":3,"stat.mineBlock.minecraft.glass_pane":2,"stat.mineBlock.minecraft.leaves2":9,"stat.brewingstandInteraction":1,"stat.damageTaken":21875,"stat.pickup.minecraft.leather":110,"stat.mineBlock.iceandfire.pixie_house":1,"stat.mineBlock.minecraft.furnace":3,"stat.useItem.minecraft.wooden_pickaxe":9,"stat.pickup.minecraft.prismarine_shard":3,"stat.pickup.minecraft.log2":2,"stat.killEntity.CaveSpider":1,"tombstone:undead_killed":42,"stat.pickup.minecraft.potato":3,"stat.entityKilledBy.Zombie":3,"stat.useItem.narutomod.zabuza_sword":60,"stat.damageDealt":46526,"stat.craftItem.minecraft.glass":3,"stat.killEntity.if_pixie":1,"stat.killEntity.Cow":23,"stat.killEntity.Pig":1,"stat.craftItem.minecraft.stone_slab":6,"stat.killEntity.herobrine.alex_survivor":1,"stat.walkOneCm":906942,"stat.playerKills":1,"stat.pickup.iceandfire.armor_gray_chestplate":1,"stat.useItem.minecraft.lava_bucket":5,"stat.useItem.tombstone.gift":1,"stat.pickup.minecraft.tnt":32,"stat.pickup.mowziesmobs.barako_mask":1,"stat.pickup.minecraft.stone":7,"stat.craftItem.minecraft.iron_chestplate":1,"stat.mineBlock.minecraft.wool":3,"stat.pickup.iceandfire.sea_serpent_scales_bronze":22,"stat.killEntity.if_troll":1,"stat.pickup.minecraft.ender_pearl":3,"stat.killEntity.Skeleton":15,"stat.mineBlock.minecraft.tnt":26,"stat.mineBlock.minecraft.stonebrick":4,"stat.killEntity.Chicken":3,"stat.killEntity.Spider":21,"stat.killEntity.stymphalianbird":1,"stat.craftItem.backpack.tanned_leather":8,"stat.craftItem.iceandfire.armor_red_boots":2,"stat.mobKills":171,"stat.mineBlock.minecraft.bookshelf":7,"stat.pickup.iceandfire.gorgon_head":1,"stat.useItem.minecraft.boat":1,"stat.mineBlock.minecraft.leaves":88,"stat.pickup.minecraft.beetroot_seeds":15,"stat.pickup.narutomod.futon":1,"stat.pickup.minecraft.torch":1,"stat.killEntity.firedragon":2,"stat.mineBlock.minecraft.stone":125,"stat.useItem.minecraft.sandstone":2}