{"stat.chestOpened":1,"stat.leaveGame":5,"stat.useItem.minecraft.mutton":1,"stat.jump":587,"stat.fallOneCm":14236,"stat.crouchOneCm":1791,"stat.pickup.minecraft.dirt":27,"stat.useItem.minecraft.dirt":24,"stat.useItem.minecraft.stone_slab2":3,"stat.pickup.minecraft.rotten_flesh":2,"stat.mineBlock.minecraft.glass_pane":2,"stat.damageTaken":989,"stat.flyOneCm":108681,"tombstone:undead_killed":1,"stat.pickup.minecraft.wheat_seeds":2,"stat.pickup.minecraft.potato":3,"stat.entityKilledBy.Zombie":3,"stat.damageDealt":761,"stat.timeSinceDeath":29008,"stat.mineBlock.minecraft.dirt":18,"stat.pickup.minecraft.mutton":2,"stat.walkOneCm":86989,"stat.useItem.minecraft.bread":2,"stat.playerKills":1,"stat.useItem.minecraft.potato":3,"stat.mineBlock.minecraft.double_plant":3,"stat.pickup.minecraft.log":1,"stat.mineBlock.minecraft.wool":1,"stat.pickup.minecraft.sapling":1,"stat.sprintOneCm":48670,"stat.pickup.minecraft.beetroot":9,"stat.killEntity.Spider":1,"stat.mobKills":5,"stat.mineBlock.minecraft.log":1,"stat.deaths":3,"stat.mineBlock.minecraft.leaves":5,"stat.pickup.minecraft.beetroot_seeds":15,"stat.playOneMinute":59052,"stat.killEntity.Sheep":2,"stat.sneakTime":1516,"stat.pickup.minecraft.wool":2,"stat.killEntity.Zombie":1,"stat.mineBlock.minecraft.tallgrass":49,"stat.useItem.minecraft.beetroot":9}