{"stat.chestOpened":1,"stat.leaveGame":6,"stat.useItem.minecraft.mutton":1,"stat.jump":801,"stat.useItem.minecraft.sand":5,"stat.swimOneCm":166,"stat.fallOneCm":19229,"stat.crouchOneCm":2012,"stat.pickup.minecraft.dirt":27,"stat.useItem.minecraft.dirt":24,"stat.useItem.minecraft.stone_slab2":6,"stat.pickup.minecraft.rotten_flesh":2,"stat.pickup.minecraft.sand":7,"stat.mineBlock.minecraft.glass_pane":2,"stat.mineBlock.minecraft.leaves2":1,"stat.mineBlock.minecraft.log2":2,"stat.damageTaken":1177,"stat.pickup.minecraft.log2":2,"stat.flyOneCm":137910,"tombstone:undead_killed":1,"stat.pickup.minecraft.wheat_seeds":2,"stat.mineBlock.minecraft.sand":7,"stat.pickup.minecraft.potato":3,"stat.entityKilledBy.Zombie":3,"stat.damageDealt":792,"stat.timeSinceDeath":52702,"stat.mineBlock.minecraft.dirt":18,"stat.pickup.minecraft.mutton":2,"stat.walkOneCm":99766,"stat.useItem.minecraft.bread":2,"stat.playerKills":1,"stat.useItem.minecraft.potato":3,"stat.mineBlock.minecraft.double_plant":3,"stat.useItem.minecraft.cooked_porkchop":3,"stat.pickup.minecraft.log":1,"stat.mineBlock.minecraft.wool":3,"stat.pickup.minecraft.sapling":1,"stat.pickup.minecraft.ender_pearl":1,"stat.sprintOneCm":67052,"stat.pickup.minecraft.beetroot":9,"stat.killEntity.Spider":1,"stat.mobKills":5,"stat.mineBlock.minecraft.log":1,"stat.deaths":3,"stat.mineBlock.minecraft.leaves":5,"stat.pickup.minecraft.beetroot_seeds":15,"stat.playOneMinute":82746,"stat.killEntity.Sheep":2,"stat.sneakTime":1834,"stat.pickup.minecraft.wool":4,"stat.killEntity.Zombie":1,"stat.mineBlock.minecraft.tallgrass":54,"stat.useItem.minecraft.beetroot":9}