{"stat.pickup.minecraft.bone":1,"stat.pickup.iceandfire.fire_dragon_flesh":3,"stat.useItem.minecraft.iron_axe":126,"stat.leaveGame":8,"stat.mineBlock.minecraft.cobblestone":4,"stat.pickup.minecraft.flint":1,"stat.craftItem.minecraft.iron_axe":1,"stat.mineBlock.mowziesmobs.painted_acacia":3,"stat.useItem.minecraft.mutton":1,"stat.swimOneCm":73620,"stat.useItem.minecraft.planks":37,"stat.climbOneCm":2138,"stat.useItem.minecraft.dirt":26,"stat.useItem.minecraft.stone_slab2":21,"stat.pickup.minecraft.bow":1,"stat.useItem.minecraft.water_bucket":8,"stat.pickup.minecraft.rotten_flesh":4,"stat.pickup.minecraft.sand":8,"stat.craftItem.minecraft.furnace":2,"stat.craftItem.minecraft.iron_boots":1,"stat.pickup.minecraft.anvil":1,"stat.craftItem.minecraft.stone_pickaxe":1,"stat.pickup.minecraft.cobblestone":81,"stat.flyOneCm":395155,"stat.useItem.minecraft.ender_pearl":1,"stat.mineBlock.minecraft.sand":7,"stat.pickup.narutomod.kunai":1,"stat.useItem.minecraft.cooked_beef":2,"stat.pickup.minecraft.redstone":1,"stat.mineBlock.minecraft.iron_ore":2,"stat.timeSinceDeath":17426,"stat.useItem.minecraft.iron_pickaxe":47,"stat.craftItem.minecraft.wooden_pickaxe":1,"stat.pickup.minecraft.mutton":2,"stat.useItem.minecraft.potato":3,"stat.pickup.minecraft.record_far":1,"stat.pickup.minecraft.stonebrick":8,"stat.furnaceInteraction":19,"stat.useItem.minecraft.cooked_porkchop":38,"stat.killEntity.ZombieVillager":1,"stat.pickup.iceandfire.dragon_skull":1,"stat.mineBlock.minecraft.coal_ore":31,"stat.pickup.minecraft.string":3,"stat.pickup.minecraft.beef":45,"stat.pickup.minecraft.furnace":3,"stat.pickup.tombstone.crafting_ingredient":7,"stat.useItem.minecraft.milk_bucket":2,"stat.entityKilledBy.Skeleton":1,"stat.craftItem.minecraft.stone_slab2":0,"stat.sprintOneCm":318180,"stat.pickup.minecraft.skull":1,"stat.craftItem.minecraft.stick":12,"stat.craftItem.minecraft.wooden_axe":1,"stat.killEntity.Horse":5,"stat.useItem.minecraft.flint_and_steel":5,"stat.mineBlock.minecraft.fence":1,"stat.pickup.mowziesmobs.barakoa_mask_rage":4,"stat.mineBlock.minecraft.crafting_table":2,"stat.useItem.minecraft.beef":3,"stat.deaths":8,"stat.mineBlock.minecraft.planks":4,"stat.playOneMinute":168602,"stat.killEntity.Sheep":2,"stat.craftItem.minecraft.iron_pickaxe":1,"stat.killEntity.Zombie":1,"stat.mineBlock.minecraft.tallgrass":83,"stat.diveOneCm":55695,"stat.chestOpened":17,"stat.recordPlayed":2,"stat.pickup.minecraft.gravel":1,"stat.pickup.minecraft.arrow":3,"stat.mineBlock.minecraft.anvil":1,"stat.pickup.minecraft.gold_nugget":151,"stat.jump":2101,"stat.useItem.minecraft.sand":6,"stat.pickup.minecraft.coal":31,"stat.fallOneCm":65661,"stat.killEntity.whitezetsu":2,"stat.crouchOneCm":11185,"stat.pickup.minecraft.spider_eye":1,"stat.craftItem.minecraft.iron_ingot":34,"stat.pickup.minecraft.dirt":38,"stat.craftItem.minecraft.iron_helmet":1,"stat.craftingTableInteraction":16,"stat.pickup.minecraft.iron_ore":2,"stat.pickup.iceandfire.fire_dragon_heart":1,"stat.craftItem.minecraft.flint_and_steel":1,"stat.pickup.minecraft.repeater":1,"stat.pickup.mowziesmobs.painted_acacia":3,"stat.mineBlock.minecraft.glass_pane":2,"stat.mineBlock.minecraft.leaves2":6,"stat.mineBlock.minecraft.log2":2,"stat.brewingstandInteraction":1,"stat.damageTaken":7833,"stat.pickup.minecraft.leather":21,"stat.mineBlock.minecraft.furnace":3,"stat.useItem.minecraft.wooden_pickaxe":9,"stat.pickup.iceandfire.dragonscales_red":24,"stat.pickup.minecraft.log2":2,"stat.pickup.minecraft.planks":3,"stat.pickup.minecraft.iron_leggings":1,"tombstone:undead_killed":5,"stat.pickup.minecraft.wheat_seeds":24,"stat.pickup.minecraft.potato":3,"stat.entityKilledBy.Zombie":3,"stat.mineBlock.minecraft.gravel":2,"stat.useItem.minecraft.stone_pickaxe":75,"stat.craftItem.minecraft.iron_leggings":1,"stat.damageDealt":10829,"stat.killEntity.Cow":20,"stat.mineBlock.minecraft.dirt":31,"stat.killEntity.herobrine.alex_survivor":1,"stat.walkOneCm":334202,"stat.useItem.minecraft.bread":2,"stat.playerKills":1,"stat.pickup.minecraft.crafting_table":2,"stat.useItem.minecraft.cobblestone":34,"stat.craftItem.minecraft.crafting_table":3,"stat.mineBlock.minecraft.double_plant":3,"stat.pickup.minecraft.log":4,"stat.pickup.mowziesmobs.barako_mask":1,"stat.craftItem.minecraft.gold_ingot":16,"stat.pickup.minecraft.stone":4,"stat.craftItem.minecraft.iron_chestplate":1,"stat.mineBlock.minecraft.wool":3,"stat.pickup.minecraft.sapling":3,"stat.pickup.minecraft.ender_pearl":1,"stat.killEntity.Skeleton":3,"stat.pickup.minecraft.beetroot":9,"stat.mineBlock.iceandfire.goldpile":29,"stat.mineBlock.minecraft.stonebrick":4,"stat.craftItem.minecraft.planks":124,"stat.killEntity.Spider":3,"stat.mobKills":48,"stat.useItem.minecraft.stonebrick":5,"stat.mineBlock.minecraft.log":1,"stat.pickup.iceandfire.dragonbone":9,"stat.pickup.iceandfire.gorgon_head":1,"stat.mineBlock.minecraft.leaves":6,"stat.pickup.minecraft.beetroot_seeds":15,"stat.pickup.minecraft.red_flower":3,"stat.sneakTime":5105,"stat.pickup.minecraft.wool":4,"stat.killEntity.firedragon":1,"stat.useItem.minecraft.wooden_axe":39,"stat.mineBlock.minecraft.stone":70,"stat.useItem.minecraft.beetroot":9}