{"stat.chestOpened":1,"stat.drop.minecraft.mutton":2,"stat.leaveGame":2,"stat.pickup.minecraft.arrow":1,"stat.useItem.minecraft.apple":1,"stat.pickup.iceandfire.deathworm_chitin":3,"stat.jump":817,"stat.swimOneCm":4719,"stat.fallOneCm":18193,"stat.pickup.minecraft.iron_ingot":3,"stat.crouchOneCm":4895,"stat.pickup.minecraft.dirt":15,"stat.useItem.minecraft.dirt":3,"stat.useItem.minecraft.stone_slab2":2,"stat.craftingTableInteraction":1,"stat.killEntity.deathworm":1,"tombstone:sneak_grave":5,"stat.mineBlock.minecraft.log2":2,"stat.damageTaken":1260,"stat.pickup.minecraft.log2":2,"stat.flyOneCm":216750,"tombstone:undead_killed":1,"stat.entityKilledBy.firedragon":2,"stat.pickup.minecraft.wheat_seeds":1,"tombstone:villager_killed":1,"stat.pickup.minecraft.rabbit_hide":2,"stat.killEntity.Villager":1,"stat.damageDealt":967,"stat.timeSinceDeath":5851,"stat.mineBlock.minecraft.dirt":15,"stat.pickup.minecraft.mutton":3,"stat.walkOneCm":55652,"stat.useItem.minecraft.bread":1,"stat.craftItem.minecraft.crafting_table":1,"stat.mineBlock.minecraft.double_plant":2,"stat.pickup.iceandfire.dragon_skull":3,"stat.pickup.minecraft.string":2,"stat.pickup.minecraft.log":2,"stat.useItem.tombstone.gift":1,"stat.entityKilledBy.Skeleton":1,"stat.pickup.minecraft.sapling":1,"stat.sprintOneCm":164242,"stat.craftItem.minecraft.stick":4,"stat.craftItem.minecraft.wooden_axe":1,"stat.craftItem.minecraft.planks":12,"stat.killEntity.Spider":1,"stat.mobKills":5,"stat.mineBlock.minecraft.log":2,"stat.pickup.iceandfire.dragonbone":33,"stat.deaths":5,"stat.drop":3,"stat.playOneMinute":34230,"stat.drop.minecraft.string":2,"stat.killEntity.Sheep":1,"stat.sneakTime":1548,"stat.pickup.minecraft.wool":1,"stat.pickup.minecraft.rabbit":2,"stat.killEntity.Zombie":1,"stat.useItem.minecraft.wooden_axe":8,"stat.mineBlock.minecraft.tallgrass":15,"stat.diveOneCm":7814}