{"stat.drop.minecraft.mutton":2,"stat.pickup.minecraft.bone":27,"stat.pickup.minecraft.wooden_slab":2,"stat.pickup.minecraft.stone_pressure_plate":2,"stat.leaveGame":4,"stat.mineBlock.minecraft.cobblestone":2,"stat.killEntity.gorgon":1,"stat.mineBlock.mowziesmobs.painted_acacia":1,"stat.pickup.iceandfire.deathworm_chitin":3,"stat.mineBlock.minecraft.sandstone":6,"stat.swimOneCm":27436,"stat.drop.minecraft.skull":1,"stat.useItem.minecraft.planks":19,"stat.climbOneCm":620,"stat.mineBlock.minecraft.spruce_stairs":1,"stat.pickup.minecraft.cooked_porkchop":62,"stat.useItem.minecraft.dirt":33,"stat.useItem.minecraft.stone_slab2":26,"stat.drop.minecraft.iron_sword":1,"stat.killEntity.deathworm":1,"stat.pickup.minecraft.rotten_flesh":14,"stat.pickup.minecraft.sand":22,"stat.killEntity.Enderman":1,"stat.pickup.minecraft.cobblestone":39,"stat.mineBlock.minecraft.wooden_slab":2,"stat.pickup.minecraft.gold_block":1,"stat.flyOneCm":579079,"stat.pickup.minecraft.sandstone":5,"stat.entityKilledBy.firedragon":2,"stat.pickup.mowziesmobs.barakoa_mask_misery":2,"stat.mineBlock.minecraft.sand":6,"tombstone:villager_killed":1,"stat.drop.minecraft.wheat_seeds":3,"stat.useItem.minecraft.cooked_beef":1,"stat.killEntity.Villager":1,"stat.timeSinceDeath":20726,"stat.pickup.iceandfire.silver_ingot":1,"stat.useItem.minecraft.iron_pickaxe":84,"stat.pickup.minecraft.mutton":20,"stat.craftItem.minecraft.bed":1,"stat.pickup.minecraft.wooden_axe":2,"stat.pickup.minecraft.stonebrick":2,"stat.drop.minecraft.dirt":3,"stat.useItem.minecraft.cooked_porkchop":50,"stat.pickup.iceandfire.dragon_skull":4,"stat.pickup.mowziesmobs.painted_acacia_slab":3,"stat.pickup.minecraft.string":26,"stat.pickup.iceandfire.manuscript":5,"stat.pickup.minecraft.beef":8,"stat.entityKilledBy.Skeleton":1,"stat.sprintOneCm":439322,"stat.entityKilledBy.myrmex_soldier":1,"stat.pickup.minecraft.skull":1,"stat.craftItem.minecraft.stick":8,"stat.craftItem.minecraft.wooden_axe":1,"stat.killEntity.Horse":4,"stat.mineBlock.minecraft.fence":1,"stat.useItem.minecraft.flint_and_steel":4,"stat.drop.mowziesmobs.painted_acacia_slab":3,"stat.pickup.mowziesmobs.barakoa_mask_fear":2,"stat.mineBlock.minecraft.crafting_table":2,"tombstone:use_vanishing":1,"stat.pickup.backpack.backpack":2,"stat.craftItem.iceandfire.armor_gray_chestplate":1,"stat.pickup.minecraft.saddle":2,"stat.pickup.minecraft.emerald":3,"stat.craftItem.iceandfire.armor_gray_helmet":1,"stat.useItem.minecraft.beef":2,"stat.deaths":9,"stat.mineBlock.minecraft.planks":1,"stat.craftItem.iceandfire.dragon_bone_block":3,"stat.drop":17,"stat.pickup.minecraft.egg":1,"stat.playOneMinute":114860,"stat.drop.minecraft.string":2,"stat.mineBlock.minecraft.stone_pressure_plate":1,"stat.killEntity.Sheep":11,"stat.craftItem.minecraft.iron_pickaxe":1,"stat.killEntity.Zombie":3,"stat.mineBlock.minecraft.tallgrass":48,"stat.diveOneCm":32368,"stat.entityKilledBy.deathworm":1,"stat.chestOpened":5,"stat.pickup.minecraft.arrow":7,"stat.pickup.minecraft.iron_sword":1,"stat.useItem.minecraft.apple":1,"stat.useItem.minecraft.rotten_flesh":5,"stat.drop.minecraft.iron_pickaxe":1,"stat.craftItem.iceandfire.blindfold":1,"stat.mineBlock.minecraft.gold_block":1,"stat.jump":2733,"stat.pickup.minecraft.fence":2,"stat.fallOneCm":72798,"stat.pickup.minecraft.iron_ingot":14,"stat.craftItem.narutomod.kunai":3,"stat.useItem.minecraft.rabbit":5,"stat.pickup.minecraft.gunpowder":14,"stat.crouchOneCm":45602,"stat.mineBlock.minecraft.chest":4,"stat.pickup.minecraft.spider_eye":3,"stat.pickup.minecraft.dirt":64,"stat.craftingTableInteraction":14,"stat.pickup.mowziesmobs.painted_acacia":2,"tombstone:sneak_grave":5,"stat.mineBlock.minecraft.log2":9,"stat.damageTaken":-2147476187,"stat.pickup.minecraft.leather":10,"stat.pickup.minecraft.log2":10,"stat.pickup.minecraft.planks":1,"tombstone:undead_killed":4,"stat.pickup.minecraft.wheat_seeds":8,"stat.pickup.minecraft.rabbit_hide":4,"stat.damageDealt":10790,"stat.sleepInBed":1,"stat.craftItem.iceandfire.armor_gray_boots":1,"stat.killEntity.Cow":4,"stat.mineBlock.minecraft.dirt":35,"stat.craftItem.minecraft.iron_sword":1,"stat.pickup.minecraft.flint_and_steel":1,"stat.walkOneCm":223474,"stat.useItem.minecraft.bread":1,"stat.pickup.minecraft.golden_apple":2,"stat.pickup.minecraft.stick":2,"stat.pickup.minecraft.crafting_table":1,"stat.useItem.minecraft.cobblestone":38,"stat.useItem.minecraft.tnt":7,"stat.craftItem.minecraft.crafting_table":5,"stat.mineBlock.minecraft.double_plant":2,"stat.pickup.minecraft.log":4,"stat.drop.minecraft.stonebrick":1,"stat.craftItem.tombstone.dust_of_vanishing":1,"stat.pickup.minecraft.iron_pickaxe":1,"stat.useItem.tombstone.gift":1,"stat.pickup.minecraft.tnt":8,"stat.pickup.mowziesmobs.barako_mask":1,"stat.craftItem.minecraft.gold_ingot":9,"stat.pickup.minecraft.chicken":1,"stat.pickup.minecraft.sapling":1,"stat.drop.minecraft.egg":1,"stat.pickup.iceandfire.dragonscales_gray":19,"stat.pickup.minecraft.cooked_beef":1,"stat.pickup.minecraft.gold_ingot":3,"stat.mineBlock.minecraft.tnt":10,"stat.mineBlock.minecraft.stonebrick":7,"stat.craftItem.minecraft.planks":56,"stat.useItem.minecraft.iron_sword":216,"stat.killEntity.Chicken":1,"stat.killEntity.Spider":2,"stat.mobKills":56,"stat.mineBlock.minecraft.log":5,"stat.pickup.mowziesmobs.barakoa_mask_bliss":3,"stat.pickup.iceandfire.dragonbone":67,"stat.useItem.minecraft.golden_apple":2,"stat.drop.minecraft.spruce_stairs":1,"stat.pickup.minecraft.spruce_stairs":1,"stat.sneakTime":11060,"stat.pickup.minecraft.wool":10,"stat.pickup.minecraft.rabbit":5,"stat.useItem.minecraft.wooden_axe":27,"stat.mineBlock.minecraft.stone":39,"stat.drop.minecraft.wooden_axe":1,"stat.pickup.minecraft.chest":4,"stat.useItem.minecraft.sandstone":2}