{"stat.drop.minecraft.mutton":2,"stat.pickup.minecraft.bone":27,"stat.pickup.minecraft.wooden_slab":2,"stat.pickup.minecraft.stone_pressure_plate":2,"stat.leaveGame":3,"stat.mineBlock.mowziesmobs.painted_acacia":1,"stat.pickup.iceandfire.deathworm_chitin":3,"stat.mineBlock.minecraft.sandstone":6,"stat.swimOneCm":12442,"stat.useItem.minecraft.planks":5,"stat.mineBlock.minecraft.spruce_stairs":1,"stat.pickup.minecraft.cooked_porkchop":62,"stat.useItem.minecraft.dirt":16,"stat.useItem.minecraft.stone_slab2":17,"stat.killEntity.deathworm":1,"stat.pickup.minecraft.rotten_flesh":13,"stat.pickup.minecraft.sand":22,"stat.killEntity.Enderman":1,"stat.mineBlock.minecraft.wooden_slab":2,"stat.pickup.minecraft.gold_block":1,"stat.flyOneCm":492612,"stat.pickup.minecraft.sandstone":5,"stat.entityKilledBy.firedragon":2,"stat.pickup.mowziesmobs.barakoa_mask_misery":1,"stat.mineBlock.minecraft.sand":3,"tombstone:villager_killed":1,"stat.drop.minecraft.wheat_seeds":3,"stat.useItem.minecraft.cooked_beef":1,"stat.killEntity.Villager":1,"stat.timeSinceDeath":22274,"stat.pickup.iceandfire.silver_ingot":1,"stat.useItem.minecraft.iron_pickaxe":49,"stat.pickup.minecraft.mutton":20,"stat.craftItem.minecraft.bed":1,"stat.pickup.minecraft.wooden_axe":2,"stat.drop.minecraft.dirt":3,"stat.useItem.minecraft.cooked_porkchop":25,"stat.pickup.iceandfire.dragon_skull":4,"stat.pickup.minecraft.string":24,"stat.pickup.iceandfire.manuscript":5,"stat.pickup.minecraft.beef":8,"stat.entityKilledBy.Skeleton":1,"stat.sprintOneCm":380563,"stat.entityKilledBy.myrmex_soldier":1,"stat.craftItem.minecraft.stick":8,"stat.craftItem.minecraft.wooden_axe":1,"stat.killEntity.Horse":4,"stat.mineBlock.minecraft.fence":1,"stat.mineBlock.minecraft.crafting_table":2,"tombstone:use_vanishing":1,"stat.pickup.minecraft.saddle":2,"stat.pickup.minecraft.emerald":3,"stat.deaths":8,"stat.mineBlock.minecraft.planks":1,"stat.craftItem.iceandfire.dragon_bone_block":3,"stat.drop":11,"stat.playOneMinute":82129,"stat.drop.minecraft.string":2,"stat.mineBlock.minecraft.stone_pressure_plate":1,"stat.killEntity.Sheep":11,"stat.craftItem.minecraft.iron_pickaxe":1,"stat.killEntity.Zombie":1,"stat.mineBlock.minecraft.tallgrass":35,"stat.diveOneCm":13927,"stat.entityKilledBy.deathworm":1,"stat.chestOpened":5,"stat.pickup.minecraft.arrow":7,"stat.useItem.minecraft.apple":1,"stat.useItem.minecraft.rotten_flesh":5,"stat.mineBlock.minecraft.gold_block":1,"stat.jump":2066,"stat.pickup.minecraft.fence":2,"stat.fallOneCm":51226,"stat.pickup.minecraft.iron_ingot":5,"stat.useItem.minecraft.rabbit":5,"stat.pickup.minecraft.gunpowder":14,"stat.crouchOneCm":30637,"stat.mineBlock.minecraft.chest":4,"stat.pickup.minecraft.spider_eye":3,"stat.pickup.minecraft.dirt":30,"stat.craftingTableInteraction":7,"stat.pickup.mowziesmobs.painted_acacia":1,"tombstone:sneak_grave":5,"stat.mineBlock.minecraft.log2":9,"stat.damageTaken":4309,"stat.pickup.minecraft.leather":10,"stat.pickup.minecraft.log2":9,"stat.pickup.minecraft.planks":1,"tombstone:undead_killed":1,"stat.pickup.minecraft.wheat_seeds":4,"stat.pickup.minecraft.rabbit_hide":4,"stat.damageDealt":7327,"stat.sleepInBed":1,"stat.killEntity.Cow":4,"stat.mineBlock.minecraft.dirt":31,"stat.craftItem.minecraft.iron_sword":1,"stat.walkOneCm":149762,"stat.useItem.minecraft.bread":1,"stat.pickup.minecraft.golden_apple":2,"stat.pickup.minecraft.stick":2,"stat.pickup.minecraft.crafting_table":1,"stat.craftItem.minecraft.crafting_table":3,"stat.mineBlock.minecraft.double_plant":2,"stat.pickup.minecraft.log":2,"stat.craftItem.tombstone.dust_of_vanishing":1,"stat.useItem.tombstone.gift":1,"stat.pickup.minecraft.tnt":7,"stat.pickup.minecraft.sapling":1,"stat.pickup.minecraft.cooked_beef":1,"stat.pickup.minecraft.gold_ingot":3,"stat.mineBlock.minecraft.tnt":9,"stat.craftItem.minecraft.planks":44,"stat.useItem.minecraft.iron_sword":137,"stat.killEntity.Spider":1,"stat.mobKills":44,"stat.mineBlock.minecraft.log":2,"stat.pickup.mowziesmobs.barakoa_mask_bliss":3,"stat.pickup.iceandfire.dragonbone":67,"stat.drop.minecraft.spruce_stairs":1,"stat.pickup.minecraft.spruce_stairs":1,"stat.sneakTime":7211,"stat.pickup.minecraft.wool":10,"stat.pickup.minecraft.rabbit":5,"stat.useItem.minecraft.wooden_axe":27,"stat.mineBlock.minecraft.stone":21,"stat.drop.minecraft.wooden_axe":1,"stat.pickup.minecraft.chest":4,"stat.useItem.minecraft.sandstone":2}