{"stat.drop.minecraft.mutton":2,"stat.pickup.minecraft.wooden_slab":2,"stat.pickup.iceandfire.fire_dragon_flesh":7,"stat.leaveGame":5,"stat.craftItem.minecraft.iron_axe":1,"stat.mineBlock.minecraft.sandstone":6,"stat.useItem.minecraft.mutton":23,"stat.drop.minecraft.skull":1,"stat.useItem.minecraft.planks":34,"stat.pickup.minecraft.porkchop":3,"stat.drop.minecraft.wooden_door":1,"stat.pickup.minecraft.glass":3,"stat.mineBlock.thebetweenlands.druid_stone_3":1,"stat.pickup.iceandfire.stymphalian_bird_feather":4,"stat.drop.minecraft.iron_sword":1,"stat.pickup.minecraft.rotten_flesh":28,"stat.pickup.minecraft.sand":69,"stat.pickup.iceandfire.bestiary":1,"stat.killEntity.thebetweenlands.dark_druid":1,"stat.pickup.minecraft.cobblestone_wall":6,"stat.pickup.herobrine.herobrine_statue":1,"stat.killEntity.Enderman":1,"stat.mineBlock.minecraft.wooden_slab":3,"stat.craftItem.minecraft.cobblestone_wall":6,"stat.entityKilledBy.firedragon":2,"stat.pickup.mowziesmobs.barakoa_mask_misery":8,"stat.mineBlock.minecraft.sand":40,"tombstone:villager_killed":1,"stat.killEntity.Witch":2,"stat.killEntity.Villager":1,"stat.pickup.iceandfire.silver_ingot":1,"stat.craftItem.iceandfire.silver_ingot":3,"stat.useItem.minecraft.iron_pickaxe":215,"stat.craftItem.minecraft.bed":1,"stat.furnaceInteraction":12,"stat.pickup.iceandfire.dragon_skull":5,"stat.killEntity.ZombieVillager":1,"stat.pickup.mowziesmobs.painted_acacia_slab":3,"stat.pickup.iceandfire.manuscript":11,"stat.drop.minecraft.stone_slab":1,"stat.pickup.minecraft.beef":17,"stat.pickup.minecraft.furnace":3,"stat.pickup.minecraft.skull":1,"stat.mineBlock.iceandfire.ash":1,"stat.drop.minecraft.prismarine_shard":1,"stat.killEntity.Horse":4,"stat.mineBlock.minecraft.fence":1,"stat.useItem.minecraft.flint_and_steel":4,"stat.drop.mowziesmobs.painted_acacia_slab":3,"stat.killEntity.Husk":2,"stat.pickup.backpack.backpack":2,"stat.pickup.minecraft.saddle":2,"stat.pickup.minecraft.emerald":3,"stat.useItem.minecraft.beef":17,"stat.deaths":11,"stat.craftItem.iceandfire.dragon_bone_block":3,"stat.pickup.minecraft.egg":4,"stat.playOneMinute":214054,"stat.drop.minecraft.string":2,"stat.mineBlock.minecraft.stone_pressure_plate":1,"stat.craftItem.minecraft.iron_pickaxe":1,"stat.mineBlock.minecraft.tallgrass":79,"stat.chestOpened":17,"stat.killEntity.zabuza_momochi":1,"stat.useItem.minecraft.stone":6,"stat.pickup.minecraft.arrow":16,"stat.pickup.minecraft.iron_sword":1,"stat.pickup.minecraft.waterlily":4,"stat.pickup.minecraft.wooden_pressure_plate":4,"stat.drop.minecraft.iron_pickaxe":1,"stat.mineBlock.minecraft.gold_block":1,"stat.craftItem.minecraft.iron_nugget":9,"stat.fallOneCm":164310,"stat.drop.minecraft.stone":7,"stat.craftItem.narutomod.kunai":3,"stat.useItem.minecraft.rabbit":5,"stat.crouchOneCm":139177,"stat.mineBlock.minecraft.chest":4,"stat.craftItem.minecraft.iron_ingot":21,"stat.craftingTableInteraction":30,"stat.mineBlock.minecraft.wooden_pressure_plate":4,"stat.pickup.iceandfire.silver_ore":5,"stat.mineBlock.minecraft.log2":22,"stat.pickup.minecraft.feather":34,"stat.drop.iceandfire.bestiary":2,"stat.pickup.minecraft.planks":6,"stat.killEntity.Llama":4,"stat.pickup.minecraft.wheat_seeds":16,"stat.mineBlock.minecraft.gravel":3,"stat.craftItem.minecraft.iron_leggings":1,"stat.useItem.minecraft.wool":1,"stat.craftItem.iceandfire.armor_gray_boots":1,"stat.mineBlock.minecraft.dirt":41,"stat.pickup.minecraft.flint_and_steel":1,"stat.useItem.minecraft.bread":1,"stat.useItem.minecraft.torch":3,"stat.pickup.minecraft.golden_apple":2,"stat.mineBlock.iceandfire.silver_ore":5,"stat.drop.minecraft.rotten_flesh":1,"stat.pickup.minecraft.crafting_table":1,"stat.useItem.minecraft.cobblestone":52,"stat.craftItem.minecraft.crafting_table":9,"stat.useItem.minecraft.gravel":1,"stat.mineBlock.minecraft.double_plant":3,"stat.pickup.minecraft.log":15,"stat.drop.minecraft.stonebrick":1,"stat.craftItem.tombstone.dust_of_vanishing":3,"stat.pickup.minecraft.iron_pickaxe":1,"stat.craftItem.minecraft.gold_ingot":9,"stat.pickup.minecraft.chicken":13,"stat.pickup.minecraft.sapling":1,"stat.pickup.iceandfire.fire_dragon_blood":1,"stat.pickup.minecraft.wooden_door":1,"stat.pickup.iceandfire.dragonscales_gray":24,"stat.craftItem.iceandfire.bestiary":2,"stat.craftItem.minecraft.planks":152,"stat.useItem.minecraft.iron_sword":378,"stat.pickup.iceandfire.dragonscales_green":18,"stat.mineBlock.minecraft.log":11,"stat.pickup.iceandfire.dragonbone":95,"stat.sneakTime":26929,"stat.pickup.minecraft.wool":16,"stat.pickup.minecraft.rabbit":5,"stat.mineBlock.minecraft.cobblestone_wall":1,"stat.killEntity.siren":2,"stat.useItem.minecraft.wooden_axe":27,"stat.pickup.minecraft.stone_slab":6,"stat.drop.minecraft.wooden_axe":1,"stat.pickup.minecraft.chest":4,"stat.pickup.minecraft.bone":28,"stat.pickup.minecraft.stone_pressure_plate":2,"stat.useItem.minecraft.iron_axe":97,"stat.mineBlock.minecraft.cobblestone":7,"stat.killEntity.gorgon":1,"stat.pickup.minecraft.flint":1,"stat.entityKilledBy.Witch":1,"stat.mineBlock.mowziesmobs.painted_acacia":1,"stat.pickup.narutomod.zabuza_sword":1,"stat.pickup.iceandfire.deathworm_chitin":6,"stat.swimOneCm":47019,"stat.climbOneCm":2922,"stat.pickup.minecraft.enchanted_book":1,"stat.mineBlock.minecraft.spruce_stairs":1,"stat.pickup.minecraft.cooked_porkchop":126,"stat.useItem.minecraft.dirt":33,"stat.useItem.minecraft.stone_slab2":47,"stat.killEntity.deathworm":5,"stat.craftItem.minecraft.furnace":2,"stat.useItem.minecraft.egg":3,"stat.pickup.minecraft.cobblestone":145,"stat.pickup.minecraft.gold_block":1,"stat.flyOneCm":1185196,"stat.pickup.minecraft.sandstone":5,"stat.pickup.minecraft.glass_bottle":1,"stat.drop.minecraft.wheat_seeds":4,"stat.useItem.minecraft.cooked_beef":3,"stat.mineBlock.minecraft.iron_ore":28,"stat.timeSinceDeath":10266,"stat.craftItem.narutomod.shuriken":3,"stat.pickup.minecraft.mutton":25,"stat.pickup.minecraft.wooden_axe":2,"stat.pickup.minecraft.stonebrick":2,"stat.drop.minecraft.dirt":3,"stat.useItem.minecraft.cooked_porkchop":96,"stat.mineBlock.minecraft.coal_ore":30,"stat.killEntity.Creeper":1,"stat.pickup.minecraft.string":45,"stat.pickup.tombstone.crafting_ingredient":2,"stat.entityKilledBy.Skeleton":1,"stat.craftItem.minecraft.stone_slab2":0,"stat.sprintOneCm":770633,"stat.entityKilledBy.myrmex_soldier":1,"stat.mineBlock.minecraft.stone_slab":2,"stat.craftItem.minecraft.stick":12,"stat.craftItem.minecraft.wooden_axe":1,"stat.useItem.minecraft.stone_slab":9,"stat.pickup.mowziesmobs.barakoa_mask_fear":4,"stat.mineBlock.minecraft.crafting_table":3,"tombstone:use_vanishing":2,"stat.drop.tombstone.dust_of_vanishing":1,"stat.craftItem.iceandfire.armor_gray_chestplate":1,"stat.craftItem.iceandfire.armor_gray_helmet":1,"stat.mineBlock.minecraft.planks":30,"stat.drop":30,"stat.killEntity.cyclops":1,"stat.pickup.thebetweenlands.swamp_talisman":3,"stat.killEntity.Sheep":15,"stat.killEntity.Zombie":9,"stat.mineBlock.minecraft.gold_ore":8,"stat.diveOneCm":59788,"stat.entityKilledBy.deathworm":1,"stat.pickup.minecraft.gravel":7,"stat.useItem.minecraft.chicken":12,"stat.useItem.minecraft.apple":1,"stat.mineBlock.minecraft.deadbush":1,"stat.useItem.minecraft.porkchop":3,"stat.useItem.minecraft.rotten_flesh":13,"stat.craftItem.iceandfire.blindfold":1,"stat.jump":6242,"stat.useItem.minecraft.sand":5,"stat.pickup.minecraft.fence":2,"stat.pickup.minecraft.coal":96,"stat.pickup.minecraft.iron_ingot":14,"stat.pickup.minecraft.gunpowder":14,"stat.pickup.minecraft.spider_eye":3,"stat.craftItem.minecraft.torch":4,"stat.pickup.minecraft.dirt":68,"stat.pickup.thebetweenlands.druid_stone_3":2,"stat.pickup.minecraft.iron_ore":28,"stat.pickup.iceandfire.fire_dragon_heart":1,"stat.pickup.minecraft.gold_ore":8,"stat.pickup.mowziesmobs.painted_acacia":2,"tombstone:sneak_grave":5,"stat.mineBlock.minecraft.leaves2":8,"stat.damageTaken":-2147468908,"stat.pickup.minecraft.leather":62,"stat.mineBlock.minecraft.furnace":3,"stat.pickup.minecraft.prismarine_shard":2,"stat.pickup.minecraft.log2":23,"tombstone:undead_killed":15,"stat.killEntity.hippogryph":1,"stat.pickup.minecraft.rabbit_hide":4,"stat.useItem.narutomod.zabuza_sword":269,"stat.damageDealt":29422,"stat.sleepInBed":2,"stat.killEntity.Cow":9,"stat.killEntity.Pig":1,"stat.craftItem.minecraft.iron_sword":2,"stat.craftItem.minecraft.stone_slab":6,"stat.walkOneCm":483660,"stat.useItem.minecraft.chest":2,"stat.pickup.minecraft.stick":5,"stat.useItem.minecraft.tnt":9,"stat.useItem.tombstone.gift":1,"stat.pickup.minecraft.tnt":77,"stat.drop.thebetweenlands.swamp_talisman":2,"stat.pickup.mowziesmobs.barako_mask":1,"stat.pickup.minecraft.stone":16,"stat.drop.minecraft.egg":1,"stat.pickup.minecraft.cooked_beef":3,"stat.pickup.minecraft.gold_ingot":3,"stat.killEntity.Skeleton":2,"stat.mineBlock.minecraft.tnt":56,"stat.mineBlock.minecraft.cactus":1,"stat.mineBlock.minecraft.stonebrick":7,"stat.killEntity.Chicken":12,"stat.killEntity.Spider":5,"stat.mobKills":117,"stat.pickup.mowziesmobs.barakoa_mask_bliss":5,"stat.useItem.minecraft.golden_apple":2,"stat.useItem.minecraft.cobblestone_wall":5,"stat.mineBlock.minecraft.leaves":9,"stat.drop.minecraft.spruce_stairs":1,"stat.pickup.minecraft.spruce_stairs":1,"stat.drop.minecraft.arrow":16,"stat.killEntity.firedragon":4,"stat.mineBlock.minecraft.stone":116,"stat.useItem.minecraft.sandstone":2}