{"stat.drop.minecraft.mutton":2,"stat.pickup.minecraft.bone":25,"stat.pickup.minecraft.stone_pressure_plate":2,"stat.leaveGame":3,"stat.pickup.iceandfire.deathworm_chitin":3,"stat.mineBlock.minecraft.sandstone":6,"stat.swimOneCm":7818,"stat.pickup.minecraft.cooked_porkchop":62,"stat.useItem.minecraft.dirt":15,"stat.useItem.minecraft.stone_slab2":11,"stat.killEntity.deathworm":1,"stat.pickup.minecraft.rotten_flesh":13,"stat.pickup.minecraft.sand":21,"stat.killEntity.Enderman":1,"stat.flyOneCm":404753,"stat.pickup.minecraft.sandstone":5,"stat.entityKilledBy.firedragon":2,"stat.mineBlock.minecraft.sand":2,"tombstone:villager_killed":1,"stat.drop.minecraft.wheat_seeds":2,"stat.killEntity.Villager":1,"stat.timeSinceDeath":9891,"stat.pickup.iceandfire.silver_ingot":1,"stat.useItem.minecraft.iron_pickaxe":19,"stat.pickup.minecraft.mutton":20,"stat.craftItem.minecraft.bed":1,"stat.pickup.minecraft.wooden_axe":1,"stat.drop.minecraft.dirt":1,"stat.useItem.minecraft.cooked_porkchop":3,"stat.pickup.iceandfire.dragon_skull":4,"stat.pickup.minecraft.string":24,"stat.pickup.iceandfire.manuscript":5,"stat.pickup.minecraft.beef":8,"stat.entityKilledBy.Skeleton":1,"stat.sprintOneCm":315774,"stat.craftItem.minecraft.stick":8,"stat.craftItem.minecraft.wooden_axe":1,"stat.killEntity.Horse":4,"stat.mineBlock.minecraft.crafting_table":2,"tombstone:use_vanishing":1,"stat.pickup.minecraft.saddle":2,"stat.pickup.minecraft.emerald":3,"stat.deaths":7,"stat.craftItem.iceandfire.dragon_bone_block":3,"stat.drop":7,"stat.playOneMinute":57829,"stat.drop.minecraft.string":2,"stat.mineBlock.minecraft.stone_pressure_plate":1,"stat.killEntity.Sheep":11,"stat.craftItem.minecraft.iron_pickaxe":1,"stat.killEntity.Zombie":1,"stat.mineBlock.minecraft.tallgrass":24,"stat.diveOneCm":10343,"stat.entityKilledBy.deathworm":1,"stat.chestOpened":5,"stat.pickup.minecraft.arrow":3,"stat.useItem.minecraft.apple":1,"stat.useItem.minecraft.rotten_flesh":4,"stat.jump":1517,"stat.fallOneCm":38674,"stat.pickup.minecraft.iron_ingot":5,"stat.useItem.minecraft.rabbit":5,"stat.pickup.minecraft.gunpowder":14,"stat.crouchOneCm":14649,"stat.mineBlock.minecraft.chest":4,"stat.pickup.minecraft.spider_eye":3,"stat.pickup.minecraft.dirt":24,"stat.craftingTableInteraction":7,"tombstone:sneak_grave":5,"stat.mineBlock.minecraft.log2":6,"stat.damageTaken":1930,"stat.pickup.minecraft.leather":9,"stat.pickup.minecraft.log2":6,"tombstone:undead_killed":1,"stat.pickup.minecraft.wheat_seeds":4,"stat.pickup.minecraft.rabbit_hide":4,"stat.damageDealt":3549,"stat.killEntity.Cow":4,"stat.mineBlock.minecraft.dirt":27,"stat.craftItem.minecraft.iron_sword":1,"stat.walkOneCm":96342,"stat.useItem.minecraft.bread":1,"stat.pickup.minecraft.golden_apple":2,"stat.pickup.minecraft.crafting_table":1,"stat.craftItem.minecraft.crafting_table":3,"stat.mineBlock.minecraft.double_plant":2,"stat.pickup.minecraft.log":2,"stat.craftItem.tombstone.dust_of_vanishing":1,"stat.useItem.tombstone.gift":1,"stat.pickup.minecraft.tnt":7,"stat.pickup.minecraft.sapling":1,"stat.pickup.minecraft.gold_ingot":3,"stat.mineBlock.minecraft.tnt":9,"stat.craftItem.minecraft.planks":24,"stat.useItem.minecraft.iron_sword":45,"stat.killEntity.Spider":1,"stat.mobKills":24,"stat.mineBlock.minecraft.log":2,"stat.pickup.iceandfire.dragonbone":67,"stat.sneakTime":3370,"stat.pickup.minecraft.wool":10,"stat.pickup.minecraft.rabbit":5,"stat.useItem.minecraft.wooden_axe":26,"stat.drop.minecraft.wooden_axe":1,"stat.pickup.minecraft.chest":4,"stat.useItem.minecraft.sandstone":2}